job,item,tube_type,selected_machine,machines,calculated_setup_time,tool,setuptime_material,setuptime_coil,duration_machine,duration_manual,shift,latest_start,calculated_start,calculated_end,planned_start,planned_end,final_start,final_end,setup_time,status,jobStartDelay,jobEndDelay,start,end
92021966078,63AA0195,AA,1531,1531,,A0 038,0 days 00:15:00,0 days 00:02:00,0:15:02,0 days 00:15:00.600000,W01S3,2022-05-23 08:21:58,,,,,2022-02-22 16:07:57,2022-02-22 16:22:59,0 days 00:17:00,JobStatus.UNPLANNED,9562077.0,0,2021-11-04 00:00:00,2022-05-23 08:54:00
92021966086,63AA0310,AA,1531,1531,,A0 038,0 days 00:15:00,0 days 00:02:00,0:15:11,0 days 00:15:04.800000,W01S3,2022-05-19 20:16:49,,,,,2022-02-23 02:18:28,2022-02-23 02:33:39,0 days 00:17:00,JobStatus.UNPLANNED,10549108.0,0,2021-10-24 00:00:00,2022-05-19 20:49:00
92021966107,63AA0420,AA,1531,1531,,A0 038,0 days 00:15:00,0 days 00:02:00,0:15:11,0 days 00:15:04.200000,W01S3,2022-05-23 08:21:49,,,,,2022-02-23 01:14:05,2022-02-23 01:29:16,0 days 00:17:00,JobStatus.UNPLANNED,9681245.0,0,2021-11-03 00:00:00,2022-05-23 08:54:00
92021377150,63AA0320,AA,1531,1531,,A0 038,0 days 00:15:00,0 days 00:02:00,0:15:11,0 days 00:10:04.800000,W01S3,2022-06-03 02:36:49,,,,,2022-02-22 17:21:03,2022-02-22 17:36:14,0 days 00:17:00,JobStatus.UNPLANNED,1358463.0,0,2022-02-07 00:00:00,2022-06-03 03:09:00
92021966097,63AA0340,AA,1531,1531,,A0 038,0 days 00:15:00,0 days 00:02:00,0:15:12,0 days 00:15:04.200000,W01S3,2022-05-19 20:16:48,,,,,2022-02-23 01:46:16,2022-02-23 02:01:28,0 days 00:17:00,JobStatus.UNPLANNED,10633576.0,0,2021-10-23 00:00:00,2022-05-19 20:49:00
92021640902,63AA0420,AA,1531,1531,,A0 038,0 days 00:15:00,0 days 00:02:00,0:15:12,0 days 00:15:10.800000,W01S3,2022-05-06 08:36:48,,,,,2022-02-23 02:50:39,2022-02-23 03:05:51,0 days 00:17:00,JobStatus.UNPLANNED,13402239.0,0,2021-09-21 00:00:00,2022-05-06 09:09:00
92021377168,63AA0500,AA,1531,1531,,A0 038,0 days 00:15:00,0 days 00:02:00,0:15:18,0 days 00:10:06.600000,W01S3,2022-06-03 02:36:42,,,,,2022-02-22 17:53:14,2022-02-22 18:08:32,0 days 00:17:00,JobStatus.UNPLANNED,1446794.0,0,2022-02-06 00:00:00,2022-06-03 03:09:00
92021158938,52AA0300,AA,1537,"1531,1532,1533,1535,1536,1537",,A0 002,0 days 00:15:00,0 days 00:02:00,0:15:21,0 days 00:10:22.800000,W01S3,2022-05-24 20:16:39,,,,,2022-02-22 16:07:57,2022-02-22 16:23:18,0 days 00:17:00,JobStatus.UNPLANNED,5587677.0,0,2021-12-20 00:00:00,2022-05-24 20:49:00
92021377176,63AA1575,AA,1531,1531,,A0 038,0 days 00:15:00,0 days 00:02:00,0:15:28,0 days 00:10:09,W01S3,2022-06-02 20:16:32,,,,,2022-02-22 18:25:32,2022-02-22 18:41:00,0 days 00:17:00,JobStatus.UNPLANNED,1707932.0,0,2022-02-03 00:00:00,2022-06-02 20:49:00
92021377167,63AA0430,AA,1531,1531,,A0 038,0 days 00:15:00,0 days 00:02:00,0:15:30,0 days 00:10:12,W01S3,2022-06-03 02:36:30,,,,,2022-02-22 18:58:00,2022-02-22 19:13:30,0 days 00:17:00,JobStatus.UNPLANNED,1537080.0,0,2022-02-05 00:00:00,2022-06-03 03:09:00
92021376981,60AA01,AA,1533,"1531,1532,1533",,A0 035,0 days 00:15:00,0 days 00:02:00,0:15:33,0 days 00:15:33,W01S3,2022-06-03 02:36:27,,,,,2022-02-22 16:07:57,2022-02-22 16:23:30,0 days 00:17:00,JobStatus.UNPLANNED,490077.0,0,2022-02-17 00:00:00,2022-06-03 03:09:00
92021640762,60APK0420,APK,1532,"1531,1532,1533",,A0 035,0 days 00:15:00,0 days 00:02:00,0:15:39,0 days 00:15:17.400000,W01S3,2022-05-05 20:16:21,,,,,2022-02-22 16:07:57,2022-02-22 16:23:36,0 days 00:17:00,JobStatus.UNPLANNED,14054877.0,0,2021-09-13 00:00:00,2022-05-05 20:49:00
92021955704,70AA1150,AA,1531,1531,,A0 044,0 days 00:15:00,0 days 00:02:00,0:15:43,0 days 00:15:13.800000,W01S3,2022-05-20 08:36:17,,,,,2022-02-23 03:22:51,2022-02-23 03:38:34,0 days 00:17:00,JobStatus.UNPLANNED,10120971.0,0,2021-10-29 00:00:00,2022-05-20 09:09:00
92021158940,52AA0700,AA,1536,"1531,1532,1533,1535,1536,1537",,A0 002,0 days 00:15:00,0 days 00:02:00,0:15:43,0 days 00:10:15.600000,W01S3,2022-05-24 20:16:17,,,,,2022-02-22 16:07:57,2022-02-22 16:23:40,0 days 00:17:00,JobStatus.UNPLANNED,4032477.0,0,2022-01-07 00:00:00,2022-05-24 20:49:00
92021965916,60AA0530,AA,1533,"1531,1532,1533",,A0 035,0 days 00:15:00,0 days 00:02:00,0:15:44,0 days 00:15:17.400000,W01S3,2022-05-20 08:36:16,,,,,2022-02-23 05:44:06,2022-02-23 05:59:50,0 days 00:17:00,JobStatus.UNPLANNED,9006246.0,0,2021-11-11 00:00:00,2022-05-20 09:09:00
92021965917,60AA0595,AA,1533,"1531,1532,1533",,A0 035,0 days 00:15:00,0 days 00:02:00,0:15:49,0 days 00:15:19.200000,W01S3,2022-05-20 08:36:11,,,,,2022-02-23 06:16:50,2022-02-23 06:32:39,0 days 00:17:00,JobStatus.UNPLANNED,9094610.0,0,2021-11-10 00:00:00,2022-05-20 09:09:00
92021640616,50AA61200,AA,1535,"1531,1532,1533,1535,1536,1537",,A0 005,0 days 00:15:00,0 days 00:02:00,0:16:00,0 days 00:15:21,W01S3,2022-05-05 20:16:00,,,,,2022-02-22 16:07:57,2022-02-22 16:23:57,0 days 00:17:00,JobStatus.UNPLANNED,13104477.0,0,2021-09-24 00:00:00,2022-05-05 20:49:00
92021965779,50AA2501,AA,1533,"1531,1532,1533,1535,1536,1537",,A0 005,0 days 00:15:00,0 days 00:02:00,0:16:06,0 days 00:10:23.400000,W01S3,2022-05-20 08:35:54,,,,,2022-02-23 00:50:48,2022-02-23 01:06:54,0 days 00:17:00,JobStatus.UNPLANNED,8383848.0,0,2021-11-18 00:00:00,2022-05-20 09:09:00
92021955386,55AA0520,AA,1533,"1531,1532,1533,1535,1536,1537",,A0 012,0 days 00:15:00,0 days 00:02:00,0:16:15,0 days 00:15:25.800000,W01S3,2022-05-23 08:20:45,,,,,2022-02-23 06:49:39,2022-02-23 07:05:54,0 days 00:17:00,JobStatus.UNPLANNED,8232579.0,0,2021-11-20 00:00:00,2022-05-23 08:54:00
92021965934,60APK8000,APK,1533,"1531,1532,1533",,A0 035,0 days 00:15:00,0 days 00:02:00,0:16:18,0 days 00:10:00,W01S3,2022-05-24 08:20:42,,,,,2022-02-22 16:50:57,2022-02-22 17:07:15,0 days 00:17:00,JobStatus.UNPLANNED,9478257.0,0,2021-11-05 00:00:00,2022-05-24 08:54:00
92021740823,55AA0470,AA,1533,"1531,1532,1533,1535,1536,1537",,A0 012,0 days 00:15:00,0 days 00:02:00,0:16:26,0 days 00:15:32.400000,W01S3,2022-05-12 20:15:34,,,,,2022-02-23 07:56:23,2022-02-23 08:12:49,0 days 00:17:00,JobStatus.UNPLANNED,11433383.0,0,2021-10-14 00:00:00,2022-05-12 20:49:00
92021740705,50AA1001,AA,1533,"1531,1532,1533,1535,1536,1537",,A0 005,0 days 00:15:00,0 days 00:02:00,0:16:29,0 days 00:15:30,W01S3,2022-05-13 08:35:31,,,,,2022-02-23 07:22:54,2022-02-23 07:39:23,0 days 00:17:00,JobStatus.UNPLANNED,11258574.0,0,2021-10-16 00:00:00,2022-05-13 09:09:00
92021734176,130AA0700,AA,1531,1531,,A0 045,0 days 00:15:00,0 days 00:02:00,0:16:48,0 days 00:16:23.400000,W01S3,2022-05-16 08:20:12,,,,,2022-02-23 05:21:56,2022-02-23 05:38:44,0 days 00:17:00,JobStatus.UNPLANNED,12460916.0,0,2021-10-02 00:00:00,2022-05-16 08:54:00
92021169728,63AA1400,AA,1531,1531,,A0 038,0 days 00:15:00,0 days 00:02:00,0:17:05,0 days 00:11:42,W01S3,2022-05-24 20:14:55,,,,,2022-02-22 20:40:19,2022-02-22 20:57:24,0 days 00:17:00,JobStatus.UNPLANNED,7159219.0,0,2021-12-02 00:00:00,2022-05-24 20:49:00
92021370056,130AA0950,AA,1531,1531,,A0 045,0 days 00:15:00,0 days 00:02:00,0:17:36,0 days 00:10:46.200000,W01S3,2022-06-03 02:34:24,,,,,2022-02-22 19:30:30,2022-02-22 19:48:06,0 days 00:17:00,JobStatus.UNPLANNED,847830.0,0,2022-02-13 00:00:00,2022-06-03 03:09:00
92021641262,80APK0890,APK,1531,1531,,A0 016,0 days 00:15:00,0 days 00:02:00,0:17:59,0 days 00:15:57,W01S3,2022-05-05 20:14:01,,,,,2022-02-23 03:55:34,2022-02-23 04:13:33,0 days 00:17:00,JobStatus.UNPLANNED,14183734.0,0,2021-09-12 00:00:00,2022-05-05 20:49:00
92021377694,80AA0450,AA,1531,1531,,A0 016,0 days 00:15:00,0 days 00:02:00,0:18:13,0 days 00:11:08.400000,W01S3,2022-06-03 02:33:47,,,,,2022-02-22 20:05:06,2022-02-22 20:23:19,0 days 00:17:00,JobStatus.UNPLANNED,590706.0,0,2022-02-16 00:00:00,2022-06-03 03:09:00
92021158669,50APK20000,APK,1533,"1531,1532,1533,1535,1536,1537",,A0 005,0 days 00:15:00,0 days 00:02:00,0:18:13,0 days 00:18:13.200000,W01S3,2022-05-24 20:13:47,,,,,2022-02-23 10:06:40,2022-02-23 10:24:53,0 days 00:17:00,JobStatus.UNPLANNED,5220400.0,0,2021-12-25 00:00:00,2022-05-24 20:49:00
92021730909,65PAK,PAK,1531,1531,,A0 047,0 days 00:15:00,0 days 00:02:00,0:19:03,0 days 00:04:03,W01S3,2022-05-16 08:17:57,,,,,2022-02-22 16:45:00,2022-02-22 17:04:03,0 days 00:17:00,JobStatus.UNPLANNED,12588300.0,0,2021-09-30 00:00:00,2022-05-16 08:54:00
92021641264,80APK1360,APK,1531,1531,,A0 016,0 days 00:15:00,0 days 00:02:00,0:19:33,0 days 00:16:24.600000,W01S3,2022-05-05 20:12:27,,,,,2022-02-23 05:55:44,2022-02-23 06:15:17,0 days 00:17:00,JobStatus.UNPLANNED,14277344.0,0,2021-09-11 00:00:00,2022-05-05 20:49:00
92021641265,80APK1401,APK,1531,1531,,A0 016,0 days 00:15:00,0 days 00:02:00,0:19:41,0 days 00:16:25.800000,W01S3,2022-05-05 20:12:19,,,,,2022-02-23 07:09:11,2022-02-23 07:28:52,0 days 00:17:00,JobStatus.UNPLANNED,14454551.0,0,2021-09-09 00:00:00,2022-05-05 20:49:00
92021158666,50APK10000,APK,1533,"1531,1532,1533,1535,1536,1537",,A0 005,0 days 00:15:00,0 days 00:02:00,0:19:50,0 days 00:10:00,W01S3,2022-05-30 08:17:10,,,,,2022-02-22 17:24:15,2022-02-22 17:44:05,0 days 00:17:00,JobStatus.UNPLANNED,4814655.0,0,2021-12-29 00:00:00,2022-05-30 08:54:00
92021955826,70PAP1470,PAP,1531,1531,,A0 044,0 days 00:15:00,0 days 00:02:00,0:19:54,0 days 00:16:25.200000,W01S3,2022-05-23 08:17:06,,,,,2022-02-23 06:32:17,2022-02-23 06:52:11,0 days 00:17:00,JobStatus.UNPLANNED,9786737.0,0,2021-11-02 00:00:00,2022-05-23 08:54:00
92021640738,55PAP0060,PAP,1543,"1531,1532,1533,1535,1536,1537,1543",,A0 012,0 days 00:15:00,0 days 00:02:00,0:19:54,0 days 00:18:50.400000,W01S3,2022-05-05 20:12:06,,,,,2022-02-22 16:07:57,2022-02-22 16:27:51,0 days 00:17:00,JobStatus.UNPLANNED,14314077.0,0,2021-09-10 00:00:00,2022-05-05 20:49:00
92021158968,55APK10000,APK,1533,"1531,1532,1533,1535,1536,1537",,A0 012,0 days 00:15:00,0 days 00:02:00,0:20:01,0 days 00:20:01.200000,W01S3,2022-05-30 08:16:59,,,,,2022-02-23 13:02:50,2022-02-23 13:22:51,0 days 00:17:00,JobStatus.UNPLANNED,4712570.0,0,2021-12-31 00:00:00,2022-05-30 08:54:00
92021158618,45APK10000,APK,1533,"1532,1533,1535,1536,1537",,A0 007,0 days 00:15:00,0 days 00:02:00,0:21:19,0 days 00:21:19.200000,W01S3,2022-05-30 08:15:41,,,,,2022-02-23 14:28:35,2022-02-23 14:49:54,0 days 00:17:00,JobStatus.UNPLANNED,4804115.0,0,2021-12-30 00:00:00,2022-05-30 08:54:00
92021366783,63AA1600,AA,1531,1531,,A0 038,0 days 00:15:00,0 days 00:02:00,0:25:29,0 days 00:13:23.400000,W01S3,2022-06-03 02:26:31,,,,,2022-02-22 22:07:26,2022-02-22 22:32:55,0 days 00:17:00,JobStatus.UNPLANNED,684446.0,0,2022-02-15 00:00:00,2022-06-03 03:09:00
92021170487,90AA3000,AA,1531,1531,,A0 001,0 days 00:15:00,0 days 00:02:00,0:25:37,0 days 00:25:37.200000,W01S3,2022-05-24 20:06:23,,,,,2022-02-23 09:30:34,2022-02-23 09:56:11,0 days 00:17:00,JobStatus.UNPLANNED,6946234.0,0,2021-12-05 00:00:00,2022-05-24 20:49:00
92021378020,90AA401,AA,1531,1531,,A0 001,0 days 00:15:00,0 days 00:02:00,0:26:48,0 days 00:14:48,W01S3,2022-05-03 14:25:12,,,,,2022-02-23 00:30:17,2022-02-23 00:57:05,0 days 00:17:00,JobStatus.UNPLANNED,261017.0,0,2022-02-20 00:00:00,2022-05-03 15:09:00
92021377177,63AA2000,AA,1531,1531,,A0 038,0 days 00:15:00,0 days 00:02:00,0:28:07,0 days 00:14:10.800000,W01S3,2022-06-03 02:23:53,,,,,2022-02-22 23:45:10,2022-02-23 00:13:17,0 days 00:17:00,JobStatus.UNPLANNED,776710.0,0,2022-02-14 00:00:00,2022-06-03 03:09:00
92021160066,90PAPK002,PAK,1531,1531,,A0 001,0 days 00:15:00,0 days 00:02:00,0:29:45,0 days 00:29:45,W01S3,2022-05-30 08:07:15,,,,,2022-02-23 12:46:29,2022-02-23 13:16:14,0 days 00:17:00,JobStatus.UNPLANNED,6525989.0,0,2021-12-10 00:00:00,2022-05-30 08:54:00
12021034661,55APK,APK,1533,"1531,1532,1533,1535,1536,1537",,A0 012,0 days 00:15:00,0 days 00:02:00,0:31:07,0 days 00:16:07.200000,W01S3,2022-05-16 08:05:53,,,,,2022-02-23 09:18:33,2022-02-23 09:49:40,0 days 00:17:00,JobStatus.UNPLANNED,11783913.0,0,2021-10-10 00:00:00,2022-05-16 08:54:00
92021366789,65APK,APK,1531,1531,,A0 047,0 days 00:15:00,0 days 00:02:00,0:31:13,0 days 00:31:13.200000,W01S3,2022-05-03 14:20:47,,,,,2022-02-23 14:24:37,2022-02-23 14:55:50,0 days 00:17:00,JobStatus.UNPLANNED,483877.0,0,2022-02-18 00:00:00,2022-05-03 15:09:00
92021159289,65APK10000,APK,1531,1531,,A0 047,0 days 00:15:00,0 days 00:02:00,0:31:13,0 days 00:31:13.200000,W01S3,2022-05-30 08:05:47,,,,,2022-02-23 15:12:50,2022-02-23 15:44:03,0 days 00:17:00,JobStatus.UNPLANNED,6361970.0,0,2021-12-12 00:00:00,2022-05-30 08:54:00
92021169370,50AA61001,AA,1533,"1531,1532,1533,1535,1536,1537",,A0 005,0 days 00:15:00,0 days 00:02:00,0:31:44,0 days 00:16:00,W01S3,2022-05-25 02:05:16,,,,,2022-02-23 08:29:49,2022-02-23 09:01:33,0 days 00:17:00,JobStatus.UNPLANNED,5387389.0,0,2021-12-23 00:00:00,2022-05-25 02:54:00
92021740714,50AA61001,AA,1533,"1531,1532,1533,1535,1536,1537",,A0 005,0 days 00:15:00,0 days 00:02:00,0:31:44,0 days 00:21:00,W01S3,2022-05-13 02:20:16,,,,,2022-02-23 13:39:51,2022-02-23 14:11:35,0 days 00:17:00,JobStatus.UNPLANNED,11885991.0,0,2021-10-09 00:00:00,2022-05-13 03:09:00
92021529592,75APK001,APK,1531,1531,,A0 028,0 days 00:15:00,0 days 00:02:00,0:34:23,0 days 00:19:23.400000,W01S3,2022-05-10 08:02:37,,,,,2022-02-23 07:45:52,2022-02-23 08:20:15,0 days 00:17:00,JobStatus.UNPLANNED,13247152.0,0,2021-09-23 00:00:00,2022-05-10 08:54:00
92021741234,75APK1000,APK,1531,1531,,A0 028,0 days 00:15:00,0 days 00:02:00,0:34:23,0 days 00:16:00,W01S3,2022-05-13 08:17:37,,,,,2022-02-23 04:30:33,2022-02-23 05:04:56,0 days 00:17:00,JobStatus.UNPLANNED,12889833.0,0,2021-09-27 00:00:00,2022-05-13 09:09:00
92021169940,75APK1000,APK,1531,1531,,A0 028,0 days 00:15:00,0 days 00:02:00,0:34:23,0 days 00:30:00,W01S3,2022-05-30 08:02:37,,,,,2022-02-23 13:33:14,2022-02-23 14:07:37,0 days 00:17:00,JobStatus.UNPLANNED,6615194.0,0,2021-12-09 00:00:00,2022-05-30 08:54:00
92021955589,60PAP20000,PAP,1533,"1531,1532,1533,1543",,A0 035,0 days 00:15:00,0 days 00:02:00,0:35:00,0 days 00:35:00.600000,W01S3,2022-05-19 19:57:00,,,,,2022-02-23 22:58:02,2022-02-23 23:33:02,0 days 00:17:00,JobStatus.UNPLANNED,8722682.0,0,2021-11-15 00:00:00,2022-05-19 20:49:00
92021741254,75APK4200,APK,1531,1531,,A0 028,0 days 00:15:00,0 days 00:02:00,0:36:02,0 days 00:12:01.800000,W01S3,2022-05-13 08:15:58,,,,,2022-02-22 21:14:24,2022-02-22 21:50:26,0 days 00:17:00,JobStatus.UNPLANNED,12690864.0,0,2021-09-29 00:00:00,2022-05-13 09:09:00
92021641114,75APK1100,APK,1531,1531,,A0 028,0 days 00:15:00,0 days 00:02:00,0:36:19,0 days 00:21:36,W01S3,2022-05-06 02:15:41,,,,,2022-02-23 08:37:15,2022-02-23 09:13:34,0 days 00:17:00,JobStatus.UNPLANNED,13768635.0,0,2021-09-17 00:00:00,2022-05-06 03:09:00
92021159998,90APK20000,APK,1531,1531,,A0 001,0 days 00:15:00,0 days 00:02:00,0:36:34,0 days 00:36:34.200000,W01S3,2022-05-24 19:55:26,,,,,2022-02-23 18:55:44,2022-02-23 19:32:18,0 days 00:17:00,JobStatus.UNPLANNED,7066544.0,0,2021-12-04 00:00:00,2022-05-24 20:49:00
92021170568,90PAK,PAK,1531,1531,,A0 001,0 days 00:15:00,0 days 00:02:00,0:38:06,0 days 00:38:06,W01S3,2022-05-30 07:58:54,,,,,2022-02-23 19:49:18,2022-02-23 20:27:24,0 days 00:17:00,JobStatus.UNPLANNED,6464958.0,0,2021-12-11 00:00:00,2022-05-30 08:54:00
92021641115,75APK1201,APK,1531,1531,,A0 028,0 days 00:15:00,0 days 00:02:00,0:38:15,0 days 00:14:09.600000,W01S3,2022-05-06 02:13:45,,,,,2022-02-22 22:49:55,2022-02-22 23:28:10,0 days 00:17:00,JobStatus.UNPLANNED,13819795.0,0,2021-09-16 00:00:00,2022-05-06 03:09:00
92021159884,80PAK,PAK,1531,1531,,A0 016,0 days 00:15:00,0 days 00:02:00,0:38:52,0 days 00:38:52.200000,W01S3,2022-05-24 19:53:08,,,,,2022-02-23 20:44:24,2022-02-23 21:23:16,0 days 00:17:00,JobStatus.UNPLANNED,7332264.0,0,2021-12-01 00:00:00,2022-05-24 20:49:00
92021730590,55APK10000,APK,1533,"1531,1532,1533,1535,1536,1537",,A0 012,0 days 00:15:00,0 days 00:02:00,0:40:47,0 days 00:25:47.400000,W01S3,2022-05-12 19:51:13,,,,,2022-02-23 17:22:22,2022-02-23 18:03:09,0 days 00:17:00,JobStatus.UNPLANNED,11553742.0,0,2021-10-13 00:00:00,2022-05-12 20:49:00
92021730235,45APK,APK,1533,"1532,1533,1535,1536,1537",,A0 007,0 days 00:15:00,0 days 00:02:00,0:41:20,0 days 00:26:19.800000,W01S3,2022-05-16 07:55:40,,,,,2022-02-23 18:20:09,2022-02-23 19:01:29,0 days 00:17:00,JobStatus.UNPLANNED,10952409.0,0,2021-10-20 00:00:00,2022-05-16 08:54:00
92021640740,55PAP0540,PAP,1533,"1531,1532,1533,1535,1536,1537,1543",,A0 012,0 days 00:15:00,0 days 00:02:00,0:42:35,0 days 00:37:30,W01S3,2022-05-05 19:49:25,,,,,2022-02-24 05:16:10,2022-02-24 05:58:45,0 days 00:17:00,JobStatus.UNPLANNED,14620570.0,0,2021-09-08 00:00:00,2022-05-05 20:49:00
92021377702,80APK,APK,1531,1531,,A0 016,0 days 00:15:00,0 days 00:02:00,0:46:50,0 days 00:46:50.400000,W01S3,2022-06-02 19:45:10,,,,,2022-02-24 01:46:11,2022-02-24 02:33:01,0 days 00:17:00,JobStatus.UNPLANNED,1734371.0,0,2022-02-04 00:00:00,2022-06-02 20:49:00
92021159022,60APK011,APK,1533,"1531,1532,1533",,A0 035,0 days 00:15:00,0 days 00:02:00,0:47:45,0 days 00:19:30,W01S3,2022-05-25 01:49:15,,,,,2022-02-23 11:58:05,2022-02-23 12:45:50,0 days 00:17:00,JobStatus.UNPLANNED,4967885.0,0,2021-12-28 00:00:00,2022-05-25 02:54:00
92021366918,70PAP,PAP,1531,1531,,A0 044,0 days 00:15:00,0 days 00:02:00,0:48:21,0 days 00:48:21,W01S3,2022-06-03 02:03:39,,,,,2022-02-24 02:50:01,2022-02-24 03:38:22,0 days 00:17:00,JobStatus.UNPLANNED,1047001.0,0,2022-02-12 00:00:00,2022-06-03 03:09:00
92021159024,60APK013,APK,1533,"1531,1532,1533",,A0 035,0 days 00:15:00,0 days 00:02:00,0:49:23,0 days 00:49:22.800000,W01S3,2022-05-25 01:47:37,,,,,2022-02-24 13:19:24,2022-02-24 14:08:47,0 days 00:17:00,JobStatus.UNPLANNED,5145564.0,0,2021-12-27 00:00:00,2022-05-25 02:54:00
92021965788,50AA61070,AA,1533,"1531,1532,1533,1535,1536,1537",,A0 005,0 days 00:15:00,0 days 00:02:00,0:49:27,0 days 00:22:42.600000,W01S3,2022-05-20 08:02:33,,,,,2022-02-23 15:06:54,2022-02-23 15:56:21,0 days 00:17:00,JobStatus.UNPLANNED,8348814.0,0,2021-11-19 00:00:00,2022-05-20 09:09:00
92021631991,90PAPK002,PAPK,1531,1531,,A0 001,0 days 00:15:00,0 days 00:02:00,0:49:47,0 days 00:34:46.800000,W01S3,2022-05-06 02:02:13,,,,,2022-02-23 16:01:03,2022-02-23 16:50:50,0 days 00:17:00,JobStatus.UNPLANNED,13708863.0,0,2021-09-18 00:00:00,2022-05-06 03:09:00
92021158096,25APK20000,APK,1534,"1532,1533,1534,1535,1536,1537",,A0 062,0 days 00:15:00,0 days 00:02:00,0:50:32,0 days 00:50:32.400000,W01S3,2022-05-24 19:41:28,,,,,2022-02-22 16:07:57,2022-02-22 16:58:29,0 days 00:17:00,JobStatus.UNPLANNED,5242077.0,0,2021-12-24 00:00:00,2022-05-24 20:49:00
92021159992,90APK009,APK,1531,1531,,A0 001,0 days 00:15:00,0 days 00:02:00,0:50:53,0 days 00:50:53.400000,W01S3,2022-05-25 01:46:07,,,,,2022-02-24 03:55:22,2022-02-24 04:46:15,0 days 00:17:00,JobStatus.UNPLANNED,6926122.0,0,2021-12-06 00:00:00,2022-05-25 02:54:00
92021160860,100APK,APK,1531,1531,,A0 036,0 days 00:15:00,0 days 00:02:00,0:51:02,0 days 00:51:02.400000,W01S3,2022-05-31 07:45:58,,,,,2022-02-24 05:03:15,2022-02-24 05:54:17,0 days 00:17:00,JobStatus.UNPLANNED,5806995.0,0,2021-12-19 00:00:00,2022-05-31 08:54:00
92021956413,90APK012,APK,1531,1531,,A0 001,0 days 00:15:00,0 days 00:02:00,0:51:39,0 days 00:51:39.600000,W01S3,2022-05-20 08:00:21,,,,,2022-02-24 06:11:17,2022-02-24 07:02:56,0 days 00:17:00,JobStatus.UNPLANNED,9958277.0,0,2021-11-01 00:00:00,2022-05-20 09:09:00
92021730203,40APK1750,APK,1533,"1532,1533,1534,1535,1536,1537",,A0 006,0 days 00:15:00,0 days 00:02:00,0:52:01,0 days 00:23:24,W01S3,2022-05-12 19:39:59,,,,,2022-02-23 16:13:21,2022-02-23 17:05:22,0 days 00:17:00,JobStatus.UNPLANNED,11981601.0,0,2021-10-08 00:00:00,2022-05-12 20:49:00
92021640739,55PAP0450,PAP,1533,"1531,1532,1533,1535,1536,1537,1543",,A0 012,0 days 00:15:00,0 days 00:02:00,0:53:19,0 days 00:47:30,W01S3,2022-05-05 07:43:41,,,,,2022-02-24 10:49:14,2022-02-24 11:42:33,0 days 00:17:00,JobStatus.UNPLANNED,14726954.0,0,2021-09-07 00:00:00,2022-05-05 08:54:00
92021965793,50AA62401,AA,1533,"1531,1532,1533,1535,1536,1537",,A0 005,0 days 00:15:00,0 days 00:02:00,0:55:08,0 days 00:43:54,W01S3,2022-05-20 01:56:52,,,,,2022-02-24 09:37:06,2022-02-24 10:32:14,0 days 00:17:00,JobStatus.UNPLANNED,9279426.0,0,2021-11-09 00:00:00,2022-05-20 03:09:00
92021159494,75APK001,APK,1531,1531,,A0 028,0 days 00:15:00,0 days 00:02:00,0:55:46,0 days 00:55:46.200000,W01S3,2022-05-24 07:41:14,,,,,2022-02-24 07:19:56,2022-02-24 08:15:42,0 days 00:17:00,JobStatus.UNPLANNED,7456796.0,0,2021-11-30 00:00:00,2022-05-24 08:54:00
92021731122,75APK10000,APK,1531,1531,,A0 028,0 days 00:15:00,0 days 00:02:00,0:55:46,0 days 00:40:46.200000,W01S3,2022-05-17 07:41:14,,,,,2022-02-23 21:40:16,2022-02-23 22:36:02,0 days 00:17:00,JobStatus.UNPLANNED,12260416.0,0,2021-10-05 00:00:00,2022-05-17 08:54:00
92021955903,75APK001,APK,1531,1531,,A0 028,0 days 00:15:00,0 days 00:02:00,0:55:46,0 days 00:55:46.200000,W01S3,2022-05-24 07:41:14,,,,,2022-02-24 08:32:42,2022-02-24 09:28:28,0 days 00:17:00,JobStatus.UNPLANNED,9448362.0,0,2021-11-07 00:00:00,2022-05-24 08:54:00
92021641106,75APK1000,APK,1531,1531,,A0 028,0 days 00:15:00,0 days 00:02:00,0:55:46,0 days 00:27:00,W01S3,2022-05-05 19:36:14,,,,,2022-02-23 10:13:11,2022-02-23 11:08:57,0 days 00:17:00,JobStatus.UNPLANNED,13947191.0,0,2021-09-15 00:00:00,2022-05-05 20:49:00
92021955902,75APK001,APK,1531,1531,,A0 028,0 days 00:15:00,0 days 00:02:00,0:55:46,0 days 00:55:46.200000,W01S3,2022-05-20 07:56:14,,,,,2022-02-24 09:45:28,2022-02-24 10:41:14,0 days 00:17:00,JobStatus.UNPLANNED,10057528.0,0,2021-10-31 00:00:00,2022-05-20 09:09:00
92021376956,55PAP0540,PAP,1533,"1531,1532,1533,1535,1536,1537,1543",,A0 012,0 days 00:15:00,0 days 00:02:00,0:59:12,0 days 00:19:00,W01S3,2022-06-02 19:32:48,,,,,2022-02-23 10:41:53,2022-02-23 11:41:05,0 days 00:17:00,JobStatus.UNPLANNED,1852913.0,0,2022-02-02 00:00:00,2022-06-02 20:49:00
92021157958,22AA005,AA,1533,"1532,1533,1534,1535,1536,1537",,A0 061,0 days 00:15:00,0 days 00:02:00,"1 day, 15:26:48",0 days 06:54:36,W01S3,2022-05-23 11:10:12,,,,,2022-03-05 13:18:38,2022-03-07 04:45:26,0 days 00:17:00,JobStatus.UNPLANNED,4799918.0,0,2022-01-09 00:00:00,2022-05-25 02:54:00
92021156713,12AGAW,AGA,1537,"1536,1537",,A0 021,0 days 00:15:00,0 days 00:02:00,"1 day, 18:52:05",0 days 00:10:00,W01S3,2022-05-22 13:44:55,,,,,2022-02-22 16:41:57,2022-02-24 11:34:02,0 days 00:17:00,JobStatus.UNPLANNED,4293717.0,0,2022-01-04 00:00:00,2022-05-24 08:54:00
92021366492,60APK013,APK,1532,1532,,A0 035,0 days 00:15:00,0 days 00:02:00,"1 day, 19:40:51",0 days 01:02:51,W01S3,2022-03-31 07:11:09,,,,,2022-03-09 09:07:30,2022-03-11 04:48:21,0 days 00:17:00,JobStatus.UNPLANNED,464850.0,0,2022-03-04 00:00:00,2022-04-02 03:09:00
92021157392,16AGA001,AGA,1536,"1536,1537",,A0 077,0 days 00:15:00,0 days 00:02:00,"1 day, 1:35:28",0 days 03:55:48,W01S3,2022-05-22 07:01:32,,,,,2022-02-22 16:41:57,2022-02-23 18:17:25,0 days 00:17:00,JobStatus.UNPLANNED,3602517.0,0,2022-01-12 00:00:00,2022-05-23 08:54:00
92021366434,55APK10000,APK,1534,1534,,A0 012,0 days 00:15:00,0 days 00:02:00,"1 day, 21:20:10",0 days 02:33:00,W01S3,2022-03-12 17:31:50,,,,,2022-03-09 09:07:30,2022-03-11 06:27:40,0 days 00:17:00,JobStatus.UNPLANNED,119250.0,0,2022-03-08 00:00:00,2022-03-14 15:09:00
92021365535,25APK,APK,1536,1536,,A0 062,0 days 00:15:00,0 days 00:02:00,"1 day, 2:10:09",0 days 02:37:09,W01S3,2022-04-01 18:21:51,,,,,2022-02-28 05:51:00,2022-03-01 08:01:09,0 days 00:17:00,JobStatus.UNPLANNED,107460.0,0,2022-02-27 00:00:00,2022-04-02 20:49:00
92021157394,16AGA001,AGA,1536,"1536,1537",,A0 077,0 days 00:15:00,0 days 00:02:00,"1 day, 3:23:21",0 days 03:55:48,W01S3,2022-05-22 05:13:39,,,,,2022-02-23 18:34:57,2022-02-24 21:58:18,0 days 00:17:00,JobStatus.UNPLANNED,3522897.0,0,2022-01-14 00:00:00,2022-05-23 08:54:00
92021157395,16AGA001,AGA,1537,"1536,1537",,A0 077,0 days 00:15:00,0 days 00:02:00,"1 day, 3:23:21",0 days 03:55:48,W01S3,2022-05-22 05:13:39,,,,,2022-02-24 11:51:57,2022-02-25 15:15:18,0 days 00:17:00,JobStatus.UNPLANNED,3498717.0,0,2022-01-15 00:00:00,2022-05-23 08:54:00
92021157396,16AGA001,AGA,1536,"1536,1537",,A0 077,0 days 00:15:00,0 days 00:02:00,"1 day, 3:23:21",0 days 03:55:48,W01S3,2022-05-22 05:13:39,,,,,2022-02-24 22:15:57,2022-02-26 01:39:18,0 days 00:17:00,JobStatus.UNPLANNED,3449757.0,0,2022-01-16 00:00:00,2022-05-23 08:54:00
92021157393,16AGA001,AGA,1537,"1536,1537",,A0 077,0 days 00:15:00,0 days 00:02:00,"1 day, 3:23:21",0 days 03:55:48,W01S3,2022-05-22 05:13:39,,,,,2022-02-25 15:32:57,2022-02-26 18:56:18,0 days 00:17:00,JobStatus.UNPLANNED,3771177.0,0,2022-01-13 00:00:00,2022-05-23 08:54:00
92021726546,20AGA0476,AGA,1535,"1534,1535,1536,1537",,A0 024,0 days 00:15:00,0 days 00:02:00,"1 day, 3:49:50",0 days 13:04:30,W01S3,2022-05-12 05:02:10,,,,,2022-02-22 16:41:57,2022-02-23 20:31:47,0 days 00:17:00,JobStatus.UNPLANNED,11032917.0,0,2021-10-18 00:00:00,2022-05-13 09:09:00
92021156723,12AGA026,AGA,1536,"1536,1537",,A0 021,0 days 00:15:00,0 days 00:02:00,"1 day, 7:19:04",0 days 06:45:00,W01S3,2022-05-23 13:12:56,,,,,2022-02-26 01:56:57,2022-02-27 09:16:01,0 days 00:17:00,JobStatus.UNPLANNED,4240617.0,0,2022-01-08 00:00:00,2022-05-24 20:49:00
92021951187,20AGA0476,AGA,1534,"1534,1535,1536,1537",,A0 024,0 days 00:15:00,0 days 00:02:00,"1 day, 7:51:19",0 days 05:00:00,W01S3,2022-05-12 01:00:41,,,,,2022-02-22 17:15:57,2022-02-24 01:07:16,0 days 00:17:00,JobStatus.UNPLANNED,8788557.0,0,2021-11-13 00:00:00,2022-05-13 09:09:00
92021158661,50AA6,AA,1533,"1531,1532,1533,1535,1536,1537",,A0 005,0 days 00:15:00,0 days 00:02:00,"1 day, 8:03:38",1 days 08:03:37.800000,W01S3,2022-05-23 12:28:22,,,,,2022-03-08 00:46:52,2022-03-09 08:50:30,0 days 00:17:00,JobStatus.UNPLANNED,6569212.0,0,2021-12-22 00:00:00,2022-05-24 20:49:00
92021158516,30AA1250,AA,1533,"1532,1533,1534,1535,1536,1537",,A0 023,0 days 00:15:00,0 days 00:02:00,10:06:02,0 days 02:19:00,W01S3,2022-05-24 10:25:58,,,,,2022-03-04 00:42:37,2022-03-04 10:48:39,0 days 00:17:00,JobStatus.UNPLANNED,4927357.0,0,2022-01-06 00:00:00,2022-05-24 20:49:00
92021362208,20AGA0476,AGA,1537,1537,,A0 005,0 days 00:15:00,0 days 00:02:00,"11 days, 14:10:49",0 days 05:17:48,W01S3,2022-03-06 12:41:11,,,,,2022-03-09 09:07:30,2022-03-20 23:18:19,0 days 00:17:00,JobStatus.UNPLANNED,724050.0,245359.0,2022-03-01 00:00:00,2022-03-18 03:09:00
92021366623,60PAK,PAK,1533,1533,,A0 035,0 days 00:15:00,0 days 00:02:00,11:30:09,0 days 01:09:09,W01S3,2022-04-29 21:06:51,,,,,2022-03-09 09:07:30,2022-03-09 20:37:39,0 days 00:17:00,JobStatus.UNPLANNED,1156050.0,0,2022-02-24 00:00:00,2022-04-30 08:54:00
92021060383,10AGA075,AGA,1537,"1536,1537",,A0 050,0 days 00:15:00,0 days 00:02:00,14:00:20,0 days 02:35:00,W01S3,2022-05-16 18:36:40,,,,,2022-02-26 19:13:57,2022-02-27 09:14:17,0 days 00:17:00,JobStatus.UNPLANNED,8277237.0,0,2021-11-23 00:00:00,2022-05-17 08:54:00
92021155651,10AGA078,AGA,1537,"1536,1537",,A0 050,0 days 00:15:00,0 days 00:02:00,15:09:18,0 days 01:55:00,W01S3,2022-05-22 17:27:42,,,,,2022-02-27 09:31:57,2022-02-28 00:41:15,0 days 00:17:00,JobStatus.UNPLANNED,4959117.0,0,2022-01-01 00:00:00,2022-05-23 08:54:00
92021378025,90APK,APK,1531,1531,,A0 001,0 days 00:15:00,0 days 00:02:00,16:00:19,0 days 01:36:19.200000,W01S3,2022-04-17 16:36:41,,,,,2022-02-25 01:01:43,2022-02-25 17:02:02,0 days 00:17:00,JobStatus.UNPLANNED,262903.0,0,2022-02-22 00:00:00,2022-04-18 08:54:00
92021376987,60APK,APK,1533,1533,,A0 035,0 days 00:15:00,0 days 00:02:00,17:50:14,0 days 02:05:14.400000,W01S3,2022-03-06 06:01:46,,,,,2022-03-09 20:55:30,2022-03-10 14:45:44,0 days 00:17:00,JobStatus.UNPLANNED,680130.0,311804.0,2022-03-02 00:00:00,2022-03-07 00:09:00
92021155652,10AGA078,AGA,1536,"1536,1537",,A0 050,0 days 00:15:00,0 days 00:02:00,18:08:58,0 days 02:15:00,W01S3,2022-05-29 14:28:02,,,,,2022-02-27 09:33:57,2022-02-28 03:42:55,0 days 00:17:00,JobStatus.UNPLANNED,4786437.0,0,2022-01-03 00:00:00,2022-05-30 08:54:00
92021060388,10AGA078,AGA,1537,"1536,1537",,A0 050,0 days 00:15:00,0 days 00:02:00,18:08:58,0 days 02:15:00,W01S3,2022-05-15 14:28:02,,,,,2022-02-28 00:58:57,2022-02-28 19:07:55,0 days 00:17:00,JobStatus.UNPLANNED,8470737.0,0,2021-11-22 00:00:00,2022-05-16 08:54:00
92021965926,60APK,APK,1533,"1531,1532,1533",,A0 035,0 days 00:15:00,0 days 00:02:00,19:27:26,0 days 19:27:25.800000,W01S3,2022-05-19 01:04:34,,,,,2022-03-07 05:02:26,2022-03-08 00:29:52,0 days 00:17:00,JobStatus.UNPLANNED,9608546.0,0,2021-11-16 00:00:00,2022-05-19 20:49:00
92021730629,60APK013,APK,1533,"1531,1532,1533",,A0 035,0 days 00:15:00,0 days 00:02:00,1:02:51,0 days 00:47:51,W01S3,2022-05-13 07:49:09,,,,,2022-02-24 11:59:33,2022-02-24 13:02:24,0 days 00:17:00,JobStatus.UNPLANNED,11102373.0,0,2021-10-19 00:00:00,2022-05-13 09:09:00
92021158158,26AGA0274,AGA,1535,"1534,1535,1536,1537",,A0 027,0 days 00:15:00,0 days 00:02:00,1:02:58,0 days 00:36:36,W01S3,2022-05-25 01:34:02,,,,,2022-02-23 20:48:57,2022-02-23 21:51:55,0 days 00:17:00,JobStatus.UNPLANNED,5172537.0,0,2021-12-26 00:00:00,2022-05-25 02:54:00
92021966348,75APK2401,APK,1531,1531,,A0 028,0 days 00:15:00,0 days 00:02:00,1:03:32,0 days 00:28:33.600000,W01S3,2022-05-20 01:48:28,,,,,2022-02-23 11:25:57,2022-02-23 12:29:29,0 days 00:17:00,JobStatus.UNPLANNED,10236357.0,0,2021-10-28 00:00:00,2022-05-20 03:09:00
92021270918,30APL,PAP,1541,"1541,1542,1543",,A0 049,0 days 00:15:00,0 days 00:02:00,1:07:20,0 days 01:07:20.400000,W01S3,2022-05-24 19:24:40,,,,,2022-02-22 16:07:57,2022-02-22 17:15:17,0 days 00:17:00,JobStatus.UNPLANNED,2390877.0,0,2022-01-26 00:00:00,2022-05-24 20:49:00
92021367456,80PAPK003,APK,1531,1531,,A0 016,0 days 00:15:00,0 days 00:02:00,1:11:44,0 days 01:11:43.800000,W01S3,2022-06-03 01:40:16,,,,,2022-02-24 12:35:06,2022-02-24 13:46:50,0 days 00:17:00,JobStatus.UNPLANNED,1168506.0,0,2022-02-11 00:00:00,2022-06-03 03:09:00
92021539115,55PAP1140,PAP,1533,"1531,1532,1533,1535,1536,1537,1543",,A0 023,0 days 00:15:00,0 days 00:02:00,1:15:14,0 days 00:32:06,W01S3,2022-05-05 07:21:46,,,,,2022-02-23 21:25:48,2022-02-23 22:41:02,0 days 00:17:00,JobStatus.UNPLANNED,14765148.0,0,2021-09-06 00:00:00,2022-05-05 08:54:00
92021965795,50APK,APK,1533,"1531,1532,1533,1535,1536,1537",,A0 005,0 days 00:15:00,0 days 00:02:00,1:16:29,0 days 01:16:28.800000,W01S3,2022-05-23 07:20:31,,,,,2022-02-25 17:40:46,2022-02-25 18:57:15,0 days 00:17:00,JobStatus.UNPLANNED,8358046.0,0,2021-11-21 00:00:00,2022-05-23 08:54:00
92021631418,70PAK001,PAK,1531,1531,,A0 044,0 days 00:15:00,0 days 00:02:00,1:19:52,0 days 01:04:52.200000,W01S3,2022-05-06 07:32:08,,,,,2022-02-24 10:58:14,2022-02-24 12:18:06,0 days 00:17:00,JobStatus.UNPLANNED,13690694.0,0,2021-09-19 00:00:00,2022-05-06 09:09:00
92021159885,80PAK,PAK,1531,1531,,A0 016,0 days 00:15:00,0 days 00:02:00,1:26:39,0 days 01:26:39.600000,W01S3,2022-05-31 07:10:21,,,,,2022-02-24 15:53:41,2022-02-24 17:20:20,0 days 00:17:00,JobStatus.UNPLANNED,6018821.0,0,2021-12-17 00:00:00,2022-05-31 08:54:00
92021367448,80PAK,PAK,1531,1531,,A0 016,0 days 00:15:00,0 days 00:02:00,1:26:39,0 days 01:26:39.600000,W01S3,2022-05-31 07:10:21,,,,,2022-02-24 17:37:20,2022-02-24 19:03:59,0 days 00:17:00,JobStatus.UNPLANNED,2137040.0,0,2022-01-31 00:00:00,2022-05-31 08:54:00
92021965785,50AA61001,AA,1533,"1531,1532,1533,1535,1536,1537",,A0 005,0 days 00:15:00,0 days 00:02:00,1:27:54,0 days 01:10:00,W01S3,2022-05-20 01:24:06,,,,,2022-02-25 15:55:52,2022-02-25 17:23:46,0 days 00:17:00,JobStatus.UNPLANNED,9474952.0,0,2021-11-08 00:00:00,2022-05-20 03:09:00
92021966332,75APK1000,APK,1531,1531,,A0 028,0 days 00:15:00,0 days 00:02:00,1:30:54,0 days 00:35:24,W01S3,2022-05-20 01:21:06,,,,,2022-02-23 17:07:50,2022-02-23 18:38:44,0 days 00:17:00,JobStatus.UNPLANNED,10343270.0,0,2021-10-27 00:00:00,2022-05-20 03:09:00
92021955915,75APK20000,APK,1531,1531,,A0 028,0 days 00:15:00,0 days 00:02:00,1:32:51,0 days 01:32:51,W01S3,2022-05-17 07:04:09,,,,,2022-02-24 21:22:01,2022-02-24 22:54:52,0 days 00:17:00,JobStatus.UNPLANNED,10876921.0,0,2021-10-22 00:00:00,2022-05-17 08:54:00
92021731126,75APK20000,APK,1531,1531,,A0 028,0 days 00:15:00,0 days 00:02:00,1:32:51,0 days 01:17:51,W01S3,2022-05-17 07:04:09,,,,,2022-02-24 14:03:50,2022-02-24 15:36:41,0 days 00:17:00,JobStatus.UNPLANNED,12405830.0,0,2021-10-04 00:00:00,2022-05-17 08:54:00
92021159508,75APK20000,APK,1531,1531,,A0 028,0 days 00:15:00,0 days 00:02:00,1:32:51,0 days 01:32:51,W01S3,2022-05-24 18:59:09,,,,,2022-02-24 23:11:52,2022-02-25 00:44:43,0 days 00:17:00,JobStatus.UNPLANNED,7254712.0,0,2021-12-03 00:00:00,2022-05-24 20:49:00
92021060367,10AGA007,AGA,1536,"1536,1537",,A0 050,0 days 00:15:00,0 days 00:02:00,1:34:00,0 days 00:29:02.400000,W01S3,2022-05-19 18:58:00,,,,,2022-02-28 03:59:57,2022-02-28 05:33:57,0 days 00:17:00,JobStatus.UNPLANNED,7963197.0,0,2021-11-28 00:00:00,2022-05-19 20:49:00
92021367570,90APK004,APK,1531,1531,,A0 001,0 days 00:15:00,0 days 00:02:00,1:40:45,0 days 01:40:45,W01S3,2022-05-07 06:56:15,,,,,2022-02-25 17:19:02,2022-02-25 18:59:47,0 days 00:17:00,JobStatus.UNPLANNED,407942.0,0,2022-02-21 00:00:00,2022-05-07 08:54:00
92021530000,90APK004,APK,1531,1531,,A0 023,0 days 00:15:00,0 days 00:02:00,1:44:02,0 days 01:29:01.800000,W01S3,2022-05-02 06:52:58,,,,,2022-02-24 19:20:59,2022-02-24 21:05:01,0 days 00:17:00,JobStatus.UNPLANNED,15016859.0,0,2021-09-04 00:00:00,2022-05-02 08:54:00
92021367254,80APK004,APK,1531,1531,,A0 016,0 days 00:15:00,0 days 00:02:00,1:46:36,0 days 01:46:36,W01S3,2022-06-03 01:05:24,,,,,2022-02-25 19:16:47,2022-02-25 21:03:23,0 days 00:17:00,JobStatus.UNPLANNED,1365407.0,0,2022-02-10 00:00:00,2022-06-03 03:09:00
92021159016,60APK004,APK,1533,"1531,1532,1533",,A0 035,0 days 00:15:00,0 days 00:02:00,1:46:52,0 days 01:46:52.200000,W01S3,2022-05-24 18:45:08,,,,,2022-03-03 10:38:29,2022-03-03 12:25:21,0 days 00:17:00,JobStatus.UNPLANNED,6259109.0,0,2021-12-21 00:00:00,2022-05-24 20:49:00
92021159403,70PAK,PAK,1531,1531,,A0 044,0 days 00:15:00,0 days 00:02:00,1:49:10,0 days 01:49:10.200000,W01S3,2022-05-25 00:47:50,,,,,2022-02-25 21:20:23,2022-02-25 23:09:33,0 days 00:17:00,JobStatus.UNPLANNED,6902423.0,0,2021-12-08 00:00:00,2022-05-25 02:54:00
92021376963,55PAP1140,PAP,1533,"1531,1532,1533,1535,1536,1537,1543",,A0 012,0 days 00:15:00,0 days 00:02:00,1:50:19,0 days 00:27:06,W01S3,2022-05-31 06:46:41,,,,,2022-02-23 19:18:29,2022-02-23 21:08:48,0 days 00:17:00,JobStatus.UNPLANNED,1970309.0,0,2022-02-01 00:00:00,2022-05-31 08:54:00
92021169509,55PAP1140,PAP,1533,"1531,1532,1533,1535,1536,1537,1543",,A0 012,0 days 00:15:00,0 days 00:02:00,1:50:19,0 days 00:52:45,W01S3,2022-05-31 06:46:41,,,,,2022-02-24 14:25:47,2022-02-24 16:16:06,0 days 00:17:00,JobStatus.UNPLANNED,5927147.0,0,2021-12-18 00:00:00,2022-05-31 08:54:00
92021367007,75APK001,APK,1531,1531,,A0 028,0 days 00:15:00,0 days 00:02:00,1:54:14,0 days 01:54:14.400000,W01S3,2022-05-03 12:57:46,,,,,2022-02-26 01:48:02,2022-02-26 03:42:16,0 days 00:17:00,JobStatus.UNPLANNED,611282.0,0,2022-02-19 00:00:00,2022-05-03 15:09:00
92021955008,40APK2000,APK,1533,"1532,1533,1534,1535,1536,1537",,A0 006,0 days 00:15:00,0 days 00:02:00,1:57:00,0 days 00:35:45,W01S3,2022-05-20 00:55:00,,,,,2022-02-23 23:50:02,2022-02-24 01:47:02,0 days 00:17:00,JobStatus.UNPLANNED,8553002.0,0,2021-11-17 00:00:00,2022-05-20 03:09:00
92021169514,55PAP2065,PAP,1533,"1531,1532,1533,1535,1536,1537,1543",,A0 012,0 days 00:15:00,0 days 00:02:00,1:57:57,0 days 01:21:09,W01S3,2022-05-31 06:39:03,,,,,2022-02-25 19:14:15,2022-02-25 21:12:12,0 days 00:17:00,JobStatus.UNPLANNED,6203655.0,0,2021-12-16 00:00:00,2022-05-31 08:54:00
92021060378,10AGA023,AGA,1537,"1536,1537",,A0 050,0 days 00:15:00,0 days 00:02:00,1:58:09,0 days 00:33:00,W01S3,2022-05-19 18:33:51,,,,,2022-02-28 19:24:57,2022-02-28 21:23:06,0 days 00:17:00,JobStatus.UNPLANNED,8191497.0,0,2021-11-26 00:00:00,2022-05-19 20:49:00
99876532,20AGA0501,AGA,1536,1536,,A0 024,0 days 00:15:00,0 days 00:02:00,"2 days, 15:50:50",0 days 02:28:00,W01S3,2022-03-29 16:35:10,,,,,2022-03-16 05:22:55,2022-03-18 21:13:45,0 days 00:17:00,JobStatus.UNPLANNED,134880.0,0,2022-03-14 15:54:55,2022-04-01 08:43:00
92021376830,50AA61070,AA,1537,1537,,A0 005,0 days 00:15:00,0 days 00:02:00,"2 days, 5:20:54",0 days 00:16:28.800000,W01S3,2022-03-27 09:31:06,,,,,2022-03-20 23:35:30,2022-03-23 04:56:24,0 days 00:17:00,JobStatus.UNPLANNED,1208130.0,0,2022-03-07 00:00:00,2022-03-29 15:09:00
92021366065,40APK2000,APK,1535,1535,,A0 006,0 days 00:15:00,0 days 00:02:00,20:20:46,0 days 00:33:45,W01S3,2022-03-29 06:31:14,,,,,2022-03-09 09:07:30,2022-03-10 05:28:16,0 days 00:17:00,JobStatus.UNPLANNED,551250.0,0,2022-03-03 00:00:00,2022-03-30 03:09:00
92021366057,40APK1750,APK,1532,"1532,1533,1534,1535,1536,1537",,A0 006,0 days 00:15:00,0 days 00:02:00,21:20:03,0 days 00:35:12,W01S3,2022-03-31 23:11:57,,,,,2022-02-23 00:17:00,2022-02-23 21:37:03,0 days 00:17:00,JobStatus.UNPLANNED,1020.0,0,2022-02-23 00:00:00,2022-04-01 20:49:00
92021365534,25AGA1190,AGA,1536,1536,,A0 062,0 days 00:15:00,0 days 00:02:00,23:00:44,0 days 00:50:24,W01S3,2022-04-03 15:51:16,,,,,2022-03-09 09:07:30,2022-03-10 08:08:14,0 days 00:17:00,JobStatus.UNPLANNED,292050.0,0,2022-03-06 00:00:00,2022-04-04 15:09:00
92021730764,60PAK,PAK,1533,"1531,1532,1533",,A0 035,0 days 00:15:00,0 days 00:02:00,2:01:17,0 days 00:10:00,W01S3,2022-05-10 06:35:43,,,,,2022-02-22 18:01:05,2022-02-22 20:02:22,0 days 00:17:00,JobStatus.UNPLANNED,11642465.0,0,2021-10-11 00:00:00,2022-05-10 08:54:00
92021529919,80PAK,PAK,1531,1531,,A0 023,0 days 00:15:00,0 days 00:02:00,2:04:29,0 days 01:49:29.400000,W01S3,2022-05-02 06:32:31,,,,,2022-02-25 23:26:33,2022-02-26 01:31:02,0 days 00:17:00,JobStatus.UNPLANNED,15204393.0,0,2021-09-03 00:00:00,2022-05-02 08:54:00
92021156728,12AGA029,AGA,1537,"1536,1537",,A0 021,0 days 00:15:00,0 days 00:02:00,2:04:36,0 days 00:44:00,W01S3,2022-05-24 06:32:24,,,,,2022-02-28 21:40:57,2022-02-28 23:45:33,0 days 00:17:00,JobStatus.UNPLANNED,4743657.0,0,2022-01-05 00:00:00,2022-05-24 08:54:00
92021965925,60APK,APK,1533,"1531,1532,1533",,A0 035,0 days 00:15:00,0 days 00:02:00,2:05:14,0 days 02:05:14.400000,W01S3,2022-05-17 06:31:46,,,,,2022-03-03 15:06:17,2022-03-03 17:11:31,0 days 00:17:00,JobStatus.UNPLANNED,9471977.0,0,2021-11-14 00:00:00,2022-05-17 08:54:00
92021730789,60PAPK003,PAK,1533,"1531,1532,1533",,A0 035,0 days 00:15:00,0 days 00:02:00,2:06:56,0 days 01:51:56.400000,W01S3,2022-05-10 06:30:04,,,,,2022-03-03 12:42:21,2022-03-03 14:49:17,0 days 00:17:00,JobStatus.UNPLANNED,12314541.0,0,2021-10-12 00:00:00,2022-05-10 08:54:00
92021060396,10AGA081,AGA,1537,"1536,1537",,A0 050,0 days 00:15:00,0 days 00:02:00,2:16:35,0 days 00:29:15,W01S3,2022-05-19 18:15:25,,,,,2022-03-01 00:02:57,2022-03-01 02:19:32,0 days 00:17:00,JobStatus.UNPLANNED,8294577.0,0,2021-11-25 00:00:00,2022-05-19 20:49:00
92021155660,10AGA081,AGA,1537,"1536,1537",,A0 050,0 days 00:15:00,0 days 00:02:00,2:16:35,0 days 00:29:15,W01S3,2022-05-24 18:15:25,,,,,2022-03-01 02:36:57,2022-03-01 04:53:32,0 days 00:17:00,JobStatus.UNPLANNED,5020617.0,0,2022-01-02 00:00:00,2022-05-24 20:49:00
92021060385,10AGA076,AGA,1537,"1536,1537",,A0 050,0 days 00:15:00,0 days 00:02:00,2:19:04,0 days 00:37:24,W01S3,2022-05-19 18:12:56,,,,,2022-03-01 05:10:57,2022-03-01 07:30:01,0 days 00:17:00,JobStatus.UNPLANNED,8140257.0,0,2021-11-27 00:00:00,2022-05-19 20:49:00
92021529395,70AA30000,AA,1531,1531,,A0 023,0 days 00:15:00,0 days 00:02:00,2:27:11,0 days 02:12:11.400000,W01S3,2022-05-02 06:09:49,,,,,2022-02-26 03:59:16,2022-02-26 06:26:27,0 days 00:17:00,JobStatus.UNPLANNED,15307156.0,0,2021-09-02 00:00:00,2022-05-02 08:54:00
92021741249,75APK1501,APK,1531,1531,,A0 028,0 days 00:15:00,0 days 00:02:00,2:36:09,0 days 00:46:30,W01S3,2022-05-12 17:55:51,,,,,2022-02-23 22:53:02,2022-02-24 01:29:11,0 days 00:17:00,JobStatus.UNPLANNED,13042382.0,0,2021-09-26 00:00:00,2022-05-12 20:49:00
92021731633,90PAPK003,PAPK,1531,1531,,A0 001,0 days 00:15:00,0 days 00:02:00,2:50:00,0 days 02:35:00.600000,W01S3,2022-05-13 06:02:00,,,,,2022-02-26 06:43:27,2022-02-26 09:33:27,0 days 00:17:00,JobStatus.UNPLANNED,13070607.0,0,2021-09-28 00:00:00,2022-05-13 09:09:00
92021366911,70PAK,PAK,1531,1531,,A0 044,0 days 00:15:00,0 days 00:02:00,2:53:17,0 days 02:53:17.400000,W01S3,2022-06-02 23:58:43,,,,,2022-02-26 09:50:27,2022-02-26 12:43:44,0 days 00:17:00,JobStatus.UNPLANNED,1504227.0,0,2022-02-09 00:00:00,2022-06-03 03:09:00
92021376968,55PAP2065,PAP,1533,"1531,1532,1533,1535,1536,1537,1543",,A0 012,0 days 00:15:00,0 days 00:02:00,2:55:08,0 days 00:36:27.600000,W01S3,2022-05-31 05:41:52,,,,,2022-02-24 02:04:02,2022-02-24 04:59:10,0 days 00:17:00,JobStatus.UNPLANNED,2167442.0,0,2022-01-30 00:00:00,2022-05-31 08:54:00
92021366129,50AA1500,AA,1535,1535,,A0 005,0 days 00:15:00,0 days 00:02:00,"3 days, 20:20:07",0 days 00:15:00,W01S3,2022-03-12 00:11:53,,,,,2022-03-10 05:45:30,2022-03-14 02:05:37,0 days 00:17:00,JobStatus.UNPLANNED,1057530.0,0,2022-02-26 00:00:00,2022-03-15 20:49:00
92021366138,50APK1400,APK,1532,1532,,A0 005,0 days 00:15:00,0 days 00:02:00,"3 days, 8:00:31",0 days 00:21:48,W01S3,2022-03-24 18:51:29,,,,,2022-03-11 05:05:30,2022-03-14 13:06:01,0 days 00:17:00,JobStatus.UNPLANNED,536730.0,0,2022-03-05 00:00:00,2022-03-28 03:09:00
92021965957,60PAP1660,PAP,1533,"1531,1532,1533,1543",,A0 035,0 days 00:15:00,0 days 00:02:00,3:01:16,0 days 00:59:00,W01S3,2022-05-19 17:30:44,,,,,2022-02-25 05:08:45,2022-02-25 08:10:01,0 days 00:17:00,JobStatus.UNPLANNED,10559325.0,0,2021-10-26 00:00:00,2022-05-19 20:49:00
92021169958,75APK4200,APK,1531,1531,,A0 028,0 days 00:15:00,0 days 00:02:00,3:03:29,0 days 03:03:29.400000,W01S3,2022-05-24 23:33:31,,,,,2022-02-26 13:00:44,2022-02-26 16:04:13,0 days 00:17:00,JobStatus.UNPLANNED,7045244.0,0,2021-12-07 00:00:00,2022-05-25 02:54:00
92021376959,55PAP1095,PAP,1533,"1531,1532,1533,1535,1536,1537,1543",,A0 012,0 days 00:15:00,0 days 00:02:00,3:04:21,0 days 00:39:42,W01S3,2022-05-31 05:32:39,,,,,2022-02-24 06:15:45,2022-02-24 09:20:06,0 days 00:17:00,JobStatus.UNPLANNED,2268945.0,0,2022-01-29 00:00:00,2022-05-31 08:54:00
92021169505,55PAP1095,PAP,1533,"1531,1532,1533,1535,1536,1537,1543",,A0 012,0 days 00:15:00,0 days 00:02:00,3:04:21,0 days 01:29:15,W01S3,2022-05-31 05:32:39,,,,,2022-02-25 21:29:12,2022-02-26 00:33:33,0 days 00:17:00,JobStatus.UNPLANNED,6298152.0,0,2021-12-15 00:00:00,2022-05-31 08:54:00
92021730275,50AA1500,AA,1533,"1531,1532,1533,1535,1536,1537",,A0 005,0 days 00:15:00,0 days 00:02:00,3:10:54,0 days 01:06:06,W01S3,2022-05-12 17:21:06,,,,,2022-02-25 08:27:01,2022-02-25 11:37:55,0 days 00:17:00,JobStatus.UNPLANNED,11521621.0,0,2021-10-15 00:00:00,2022-05-12 20:49:00
92021160069,90PAPK003,PAK,1531,1531,,A0 001,0 days 00:15:00,0 days 00:02:00,3:12:33,0 days 03:12:33.600000,W01S3,2022-05-24 05:24:27,,,,,2022-02-27 03:28:35,2022-02-27 06:41:08,0 days 00:17:00,JobStatus.UNPLANNED,7788515.0,0,2021-11-29 00:00:00,2022-05-24 08:54:00
92021377025,60PAP1870,PAP,1533,"1531,1532,1533,1543",,A0 035,0 days 00:15:00,0 days 00:02:00,3:16:41,0 days 00:57:31.200000,W01S3,2022-05-31 05:20:19,,,,,2022-02-24 21:56:41,2022-02-25 01:13:22,0 days 00:17:00,JobStatus.UNPLANNED,2411801.0,0,2022-01-28 00:00:00,2022-05-31 08:54:00
92021956488,90PAPK003,PAPK,1531,1531,,A0 001,0 days 00:15:00,0 days 00:02:00,3:18:35,0 days 03:18:35.400000,W01S3,2022-05-24 05:18:25,,,,,2022-02-27 06:58:08,2022-02-27 10:16:43,0 days 00:17:00,JobStatus.UNPLANNED,9788288.0,0,2021-11-06 00:00:00,2022-05-24 08:54:00
92021169562,60PAP1870,PAP,1533,"1531,1532,1533,1543",,A0 035,0 days 00:15:00,0 days 00:02:00,3:18:42,0 days 02:13:48,W01S3,2022-05-31 05:18:18,,,,,2022-03-03 17:28:31,2022-03-03 20:47:13,0 days 00:17:00,JobStatus.UNPLANNED,6888511.0,0,2021-12-14 00:00:00,2022-05-31 08:54:00
92021955585,60PAP015,PAP,1533,"1531,1532,1533,1543",,A0 035,0 days 00:15:00,0 days 00:02:00,3:19:07,0 days 03:19:07.200000,W01S3,2022-05-23 05:17:53,,,,,2022-03-04 16:46:36,2022-03-04 20:05:43,0 days 00:17:00,JobStatus.UNPLANNED,9737196.0,0,2021-11-12 00:00:00,2022-05-23 08:54:00
92021377022,60PAP1840,PAP,1533,"1531,1532,1533,1543",,A0 035,0 days 00:15:00,0 days 00:02:00,3:21:23,0 days 00:58:03.600000,W01S3,2022-05-31 05:15:37,,,,,2022-02-25 01:30:22,2022-02-25 04:51:45,0 days 00:17:00,JobStatus.UNPLANNED,2511022.0,0,2022-01-27 00:00:00,2022-05-31 08:54:00
92021169559,60PAP1840,PAP,1533,"1531,1532,1533,1543",,A0 035,0 days 00:15:00,0 days 00:02:00,3:21:24,0 days 02:15:09,W01S3,2022-05-31 05:15:36,,,,,2022-03-03 21:04:13,2022-03-04 00:25:37,0 days 00:17:00,JobStatus.UNPLANNED,6987853.0,0,2021-12-13 00:00:00,2022-05-31 08:54:00
92021730922,70AA30000,AA,1531,1531,,A0 044,0 days 00:15:00,0 days 00:02:00,3:23:16,0 days 03:08:16.200000,W01S3,2022-05-17 05:13:44,,,,,2022-02-26 16:21:13,2022-02-26 19:44:29,0 days 00:17:00,JobStatus.UNPLANNED,12673273.0,0,2021-10-03 00:00:00,2022-05-17 08:54:00
92021955709,70AA30000,AA,1531,1531,,A0 044,0 days 00:15:00,0 days 00:02:00,3:23:16,0 days 03:23:16.200000,W01S3,2022-05-17 05:13:44,,,,,2022-02-27 10:33:43,2022-02-27 13:56:59,0 days 00:17:00,JobStatus.UNPLANNED,11183623.0,0,2021-10-21 00:00:00,2022-05-17 08:54:00
92021731105,75APK,APK,1531,1531,,A0 028,0 days 00:15:00,0 days 00:02:00,3:26:33,0 days 03:11:33,W01S3,2022-05-16 05:10:27,,,,,2022-02-26 20:01:29,2022-02-26 23:28:02,0 days 00:17:00,JobStatus.UNPLANNED,12859289.0,0,2021-10-01 00:00:00,2022-05-16 08:54:00
92021529585,75APK,APK,1531,1531,,A0 028,0 days 00:15:00,0 days 00:02:00,3:26:33,0 days 03:11:33,W01S3,2022-05-06 05:25:27,,,,,2022-02-26 23:45:02,2022-02-27 03:11:35,0 days 00:17:00,JobStatus.UNPLANNED,13823102.0,0,2021-09-20 00:00:00,2022-05-06 09:09:00
92021955812,70PAK,PAK,1531,1531,,A0 044,0 days 00:15:00,0 days 00:02:00,3:27:21,0 days 03:27:21,W01S3,2022-05-20 05:24:39,,,,,2022-02-27 14:13:59,2022-02-27 17:41:20,0 days 00:17:00,JobStatus.UNPLANNED,10419239.0,0,2021-10-30 00:00:00,2022-05-20 09:09:00
92021965962,60PAP2060,PAP,1533,"1531,1532,1533,1543",,A0 035,0 days 00:15:00,0 days 00:02:00,3:43:57,0 days 01:08:54,W01S3,2022-05-19 16:48:03,,,,,2022-02-25 11:54:55,2022-02-25 15:38:52,0 days 00:17:00,JobStatus.UNPLANNED,10670095.0,0,2021-10-25 00:00:00,2022-05-19 20:49:00
92021366645,60PAPK003,PAK,1533,1533,,A0 035,0 days 00:15:00,0 days 00:02:00,"4 days, 9:40:40",0 days 10:34:40.200000,W01S3,2022-03-26 10:51:20,,,,,2022-03-10 15:03:30,2022-03-15 00:44:10,0 days 00:17:00,JobStatus.UNPLANNED,1177410.0,0,2022-02-25 00:00:00,2022-03-30 20:49:00
92021730626,60APK009,APK,1533,"1531,1532,1533",,A0 035,0 days 00:15:00,0 days 00:02:00,4:03:12,0 days 00:15:00,W01S3,2022-05-10 04:33:48,,,,,2022-02-23 01:23:54,2022-02-23 05:27:06,0 days 00:17:00,JobStatus.UNPLANNED,13051434.0,0,2021-09-25 00:00:00,2022-05-10 08:54:00
92021271100,50PAP015,PAP,1533,"1531,1532,1533,1535,1536,1537,1541",,A0 011,0 days 00:15:00,0 days 00:02:00,4:14:26,0 days 00:10:00,W01S3,2022-05-24 16:17:34,,,,,2022-02-22 20:19:22,2022-02-23 00:33:48,0 days 00:17:00,JobStatus.UNPLANNED,2492362.0,0,2022-01-25 00:00:00,2022-05-24 20:49:00
92021631408,70PAK,PAK,1531,1531,,A0 044,0 days 00:15:00,0 days 00:02:00,4:33:27,0 days 04:18:27.600000,W01S3,2022-05-05 15:58:33,,,,,2022-02-27 17:58:20,2022-02-27 22:31:47,0 days 00:17:00,JobStatus.UNPLANNED,14407100.0,0,2021-09-14 00:00:00,2022-05-05 20:49:00
92021157444,16AGA004,AGA,1536,"1536,1537",,A0 077,0 days 00:15:00,0 days 00:02:00,"5 days, 20:40:12",0 days 17:04:48,W01S3,2022-05-06 23:51:48,,,,,2022-03-10 08:25:30,2022-03-16 05:05:42,0 days 00:17:00,JobStatus.UNPLANNED,5041530.0,0,2022-01-11 00:00:00,2022-05-12 20:49:00
92021539118,55PAP3985,PAP,1533,"1531,1532,1533,1535,1536,1537,1543",,A0 023,0 days 00:15:00,0 days 00:02:00,"5 days, 9:30:56",0 days 01:43:19.200000,W01S3,2022-04-29 23:06:04,,,,,2022-02-26 00:50:33,2022-03-03 10:21:29,0 days 00:17:00,JobStatus.UNPLANNED,15036633.0,0,2021-09-05 00:00:00,2022-05-05 08:54:00
92021529110,60APK009,APK,1533,"1531,1532,1533",,A0 035,0 days 00:15:00,0 days 00:02:00,5:00:36,0 days 04:45:36.600000,W01S3,2022-05-10 03:36:24,,,,,2022-03-04 20:22:43,2022-03-05 01:23:19,0 days 00:17:00,JobStatus.UNPLANNED,14156563.0,0,2021-09-22 00:00:00,2022-05-10 08:54:00
92021367016,75APK10000,APK,1531,1531,,A0 028,0 days 00:15:00,0 days 00:02:00,5:05:19,0 days 05:05:19.200000,W01S3,2022-06-02 21:46:41,,,,,2022-02-27 22:48:47,2022-02-28 03:54:06,0 days 00:17:00,JobStatus.UNPLANNED,1723727.0,0,2022-02-08 00:00:00,2022-06-03 03:09:00
92021740878,60APPBEIGE1701,APPBEIGE,1533,"1531,1532,1533",,,0 days 00:15:00,0 days 00:02:00,5:06:35,0 days 00:56:00,W01S3,2022-05-12 15:25:25,,,,,2022-02-24 16:33:06,2022-02-24 21:39:41,0 days 00:17:00,JobStatus.UNPLANNED,12155586.0,0,2021-10-07 00:00:00,2022-05-12 20:49:00
92021730284,50AA6,AA,1533,"1531,1532,1533,1535,1536,1537",,A0 005,0 days 00:15:00,0 days 00:02:00,5:06:35,0 days 04:51:34.800000,W01S3,2022-05-06 03:45:25,,,,,2022-03-05 01:40:19,2022-03-05 06:46:54,0 days 00:17:00,JobStatus.UNPLANNED,12966019.0,0,2021-10-06 00:00:00,2022-05-06 09:09:00
92021281375,45PAP2950,PAP,1542,"1532,1533,1535,1536,1537,1541,1542",,A0 049,0 days 00:15:00,0 days 00:02:00,5:18:32,0 days 01:12:06,W01S3,2022-05-24 03:18:28,,,,,2022-02-22 16:07:57,2022-02-22 21:26:29,0 days 00:17:00,JobStatus.UNPLANNED,2563677.0,0,2022-01-24 00:00:00,2022-05-24 08:54:00
92021412719,60PAP2060,APK,1533,"1531,1532,1533,1543",,A0 023,0 days 00:15:00,0 days 00:02:00,5:23:57,0 days 02:20:00,W01S3,2022-05-19 15:08:03,,,,,2022-03-04 11:05:39,2022-03-04 16:29:36,0 days 00:17:00,JobStatus.UNPLANNED,15937539.0,0,2021-09-01 00:00:00,2022-05-19 20:49:00
92021740867,60APK,APK,1533,"1531,1532,1533",,A0 035,0 days 00:15:00,0 days 00:02:00,5:57:44,0 days 05:42:43.800000,W01S3,2022-05-13 02:54:16,,,,,2022-03-05 07:03:54,2022-03-05 13:01:38,0 days 00:17:00,JobStatus.UNPLANNED,12035034.0,0,2021-10-17 00:00:00,2022-05-13 09:09:00
92021157442,16AGA003,AGA,1536,"1536,1537",,A0 077,0 days 00:15:00,0 days 00:02:00,"6 days, 5:05:11",0 days 17:55:00,W01S3,2022-05-06 15:26:49,,,,,2022-03-18 21:31:30,2022-03-25 02:36:41,0 days 00:17:00,JobStatus.UNPLANNED,5866290.0,0,2022-01-10 00:00:00,2022-05-12 20:49:00
92021376907,55AA0300,AA,1537,1537,,A0 005,0 days 00:15:00,0 days 00:02:00,"6 days, 6:00:10",0 days 00:10:04.800000,W01S3,2022-03-30 20:51:50,,,,,2022-03-23 05:13:30,2022-03-29 11:13:40,0 days 00:17:00,JobStatus.UNPLANNED,2006010.0,0,2022-02-28 00:00:00,2022-04-06 03:09:00
92021271412,60APL60B,APL,1543,1543,,A0 008,0 days 00:15:00,0 days 00:02:00,6:08:28,0 days 06:08:28.200000,W01S3,2022-05-13 02:43:32,,,,,2022-02-22 22:53:25,2022-02-23 05:01:53,0 days 00:17:00,JobStatus.UNPLANNED,2933605.0,0,2022-01-20 00:00:00,2022-05-13 09:09:00
92021060376,10AGA020,AGA,1537,"1536,1537",,A0 050,0 days 00:15:00,0 days 00:02:00,6:23:42,0 days 01:22:12,W01S3,2022-05-19 14:08:18,,,,,2022-03-01 07:47:57,2022-03-01 14:11:39,0 days 00:17:00,JobStatus.UNPLANNED,8408877.0,0,2021-11-24 00:00:00,2022-05-19 20:49:00
92021271441,60APL90B301,APL,1543,1543,,A0 008,0 days 00:15:00,0 days 00:02:00,8:04:07,0 days 08:04:07.200000,W01S3,2022-05-13 00:47:53,,,,,2022-02-23 05:18:53,2022-02-23 13:23:00,0 days 00:17:00,JobStatus.UNPLANNED,2783933.0,0,2022-01-22 00:00:00,2022-05-13 09:09:00
92021271415,60APL60B006,APL,1543,1543,,A0 008,0 days 00:15:00,0 days 00:02:00,8:26:11,0 days 08:26:10.800000,W01S3,2022-05-13 00:25:49,,,,,2022-02-23 13:40:00,2022-02-23 22:06:11,0 days 00:17:00,JobStatus.UNPLANNED,2900400.0,0,2022-01-21 00:00:00,2022-05-13 09:09:00
92021271444,60APL95B,APL,1543,1543,,A0 008,0 days 00:15:00,0 days 00:02:00,8:53:41,0 days 08:53:41.400000,W01S3,2022-05-12 23:58:19,,,,,2022-02-23 22:23:11,2022-02-24 07:16:52,0 days 00:17:00,JobStatus.UNPLANNED,2758991.0,0,2022-01-23 00:00:00,2022-05-13 09:09:00
12021035294,60APL95B,APL,1543,1543,,A0 008,0 days 00:15:00,0 days 00:02:00,8:53:41,0 days 08:53:41.400000,W01S3,2022-05-06 23:58:19,,,,,2022-02-24 07:33:52,2022-02-24 16:27:33,0 days 00:17:00,JobStatus.UNPLANNED,3051232.0,0,2022-01-20 00:00:00,2022-05-07 09:09:00
12021037711,60APL90B30000,APL,1543,1543,,A0 008,0 days 00:15:00,0 days 00:02:00,9:28:41,0 days 09:28:41.400000,W01S3,2022-05-24 11:03:19,,,,,2022-02-24 16:44:33,2022-02-25 02:13:14,0 days 00:17:00,JobStatus.UNPLANNED,3343473.0,0,2022-01-17 00:00:00,2022-05-24 20:49:00
12021037709,60APL90B30000,APL,1543,1543,,A0 008,0 days 00:15:00,0 days 00:02:00,9:28:41,0 days 09:28:41.400000,W01S3,2022-05-24 17:08:19,,,,,2022-02-25 02:30:14,2022-02-25 11:58:55,0 days 00:17:00,JobStatus.UNPLANNED,3292214.0,0,2022-01-18 00:00:00,2022-05-25 02:54:00
